Americanino,Jeans 5 Bolsillos Skinny,$19.990
Wrangler,Jeans 5 Bolsillos Regular,$39.990
Levis,Jeans 514 Slim Straigth,$49.990
Mossimo,Jeans Arc,$24.990
Mossimo,Jeans 5 Bolsillos Super,$24.990
Lois,Jeans Moda,$26.990
Mossimo,Jeans 5 Bolsillos Skinny,$19.990
La Martina,Jeans Denim Spandex,$69.990
La Martina,Jeans Denim Spandex,$69.990
La Martina,Jeans Denim Spandex,$69.990
La Martina,Jeans Denim Spandex,$69.990
Mossimo,Jeans Skinny,$34.990
La Martina,Jeans Denim Spandex,$69.990
Second Image,Jeans 5 Bolsillos Regular,$14.990
Mossimo,Jeans 5 Bolsillos Super Skinny,$19.990
Mango Man,Jeans Jan Slim Fit,$23.990
Americanino,Jeans Super Skinny,$34.990
Second Image,Jeans 5 Bolsillos Skinny,$12.990
Lee,Jeans Roturas Skinny,$39.990
Second Image,Jeans Buzo Jogger,$19.990
Second Image,Jeans 5 Bolsillos Skinny,$5.990
Mango Man,Jeans Alex Slim Fit,$34.990
Americanino,Jean Básico Super Skinny,$29.990
Second Image,Jeans 5 Bolsillos Skinny,$16.990
Americanino,Jeans 5 Bolsillos Super Skinny,$20.990
Americanino,Jeans Slim,$14.990
Americanino,Jeans 5 Bolsillos Super Skinny,$36.990
Second Image,Jeans 5 Bolsillos Skinny,$14.990
Americanino,Jeans 5 Bolsillos Skinny,$29.990
Second Image,Pantalón Skinny,$16.990
Americanino,Jeans Regular,$23.990
Americanino,Jeans 5 Bolsillos Slim,$39.990
Americanino,Jean Básico Slim Fit,$29.990
Americanino,Jeans Jdss Extree 405,$34.990
Americanino,Jeans 5 Bolsillos Super Skinny,$29.990
Americanino,Jeans 5 Bolsillos Super Skinny,$29.990
Americanino,Jeans 5 Bolsillos Slim,$29.990
Lois,Jeans Moda,$24.990
Lee,Jeans Hombre Básico Regular Fit,$36.990
Americanino,Jean Básico Arc Fit,$34.990
Americanino,Jeans Jdsk Ultra 402,$27.990
Americanino,Jean Básico Skinny Fit,$29.990
Mossimo,Jeans 5 Bolsillos Skinny,$24.990
Lee,Jeans Hombre Hombre,$36.990
Lois,Jeans 5 Bolsillos Slim,$24.990
Mossimo,Jeans 5 Bolsillos Skinny,$24.990
Americanino,Jeans 5 Bolsillos Skinny,$29.990
Mossimo,Jeans Skinny,$19.990
Americanino,Jeans 5 Bolsillos Tapered,$31.990
Americanino,Jeans Básico,$23.990
Levis,Jeans Hombre 505 Regular Fit,$44.990
Lee,Jeans Hombre Básico Regular Fit,$36.990
Wrangler,Jeans 5 Bolsillos Jogger,$35.990
Second Image,Pantalón Super Skinny,$16.990
Americanino,Jeans 5 Bolsillos,$23.990
Lee,Jeans Hombre Básico Regular Fit,$34.990
Levis,Jeans Hombre 505 Regular Fit,$44.990
Americanino,Jeans 5 Bolsillos Super Skinny,$29.990
Americanino,Jeans 5 Bolsillos Skinny,$29.990
Wrangler,Jeans Básico Regular Fit,$34.990
Wrangler,Jeans Básico Regular Fit,$36.990
Levis,Levis 511 Slim Skinny Fit,$44.990
Mossimo,Jeans 5 Bolsillos,$34.990
Second Image,Jeans Super Skinny,$16.990
Lee,Jeans Hombre Básico Regular Fit,$36.990
Americanino,Jeans Básicos Skinny,$29.990
Wrangler,Jeans Jogger,$35.990
Wrangler,Jeans 5 Bolsillos Jogger,$35.990
Wrangler,Jeans 5 Bolsillos Jogger,$35.990
Americanino,Jeans 5 Bolsillos Skinny,$20.990
Lee,Jeans Hombre Denim,$36.990
Lois,Jeans Slim ,$24.990
Wrangler,Jeans Jogger,$35.990
Lois,Jeans Slim Básico,$24.990
Second Image,Pantalón Super Skinny,$16.990
Lois,Jeans 5 Bolsillos Regular,$26.990
Americanino,Jeans Jdsl Ultra 403,$20.990
Second Image,Pantalón Super Skinny,$16.990
Mossimo,Jeans 5 Bolsillos,$19.990
Wrangler,Jeans Jogger,$35.990
Second Image,Jeans 5 Bolsillos Skinny,$16.990
Mossimo,Jeans Skinny,$19.990
Levis,Jeans 505 Regular Fit,$49.990
Americanino,Jeans 5 Bolsillos Casual,$34.990
Lois,Jeans 5 Bolsillos Slim,$24.990
Levis,Jeans 511 Slim Skinny Fit,$49.990
Lee,Jeans 5 Bolsillos Slim,$30.990
Levis,Jeans 510 Super Skinny Fit,$52.990
Wrangler,Jeans Tapered,$29.990
Levis,Jeans 513 Slim Straigth Fit,$49.990
Mossimo,Jeans Super Skinny,$19.990
Mossimo,Jeans Skinny,$19.990
Lee,Jeans 5 Bolsillos Skinny,$29.990
Levis,Jeans 511 Slim Skinny Fit,$49.990
Levis,Jeans 501 Original Fit,$49.990
Lee,Jeans 5 Bolsillos Regular,$30.990
Second Image,Jeans Básico,$9.990
Mossimo,Jeans 5 Bolsillos Super Skinny,$19.990
Levis,Jeans 514 Slim Straigth Fit,$49.990
Mossimo,Jeans Super Skinny,$19.990
Wrangler,Jeans Tapered,$29.990
Levis,Jeans 514 Slim Straigth Fit,$49.990
Wrangler,Jeans 5 Bolsillos Slim,$30.990
Second Image,Jeans Super Skinny,$16.990
Levis,Jeans 505 Regular Fit,$49.990
Levis,Jeans 511 Slim Skinny Fit,$49.990
Second Image,Jeans 5 Bolsillos Regular,$16.990
Mossimo,Jeans 5 Bolsillos,$34.990
Lee,Jeans 5 Bolsillos Skinny,$33.990
Lee,Jeans 5 Bolsillos Slim,$27.990
Levis,Jeans 505 Regular Fit,$49.990
Lee,Jeans 5 Bolsillos Tapered,$27.990
Ellus,Jeans Hombre Tiro Medio Slim,$29.990
Wrangler,Jeans 5 Bolsillos Slim,$30.990
Wrangler,Jeans Slim,$29.990
Second Image,Jeans Super Skinny Negro,$16.990
Lee,Jeans 5 Bolsillos Super Skinny,$29.990
Mossimo,Jeans Skinny,$39.990
Levis,Jeans 511 Slim Skinny Fit,$49.990
Lee,Jeans 5 Bolsillos Slim,$31.990
Lee,Jeans 5 Bolsillos Skinny,$33.990
Lee,Jeans 5 Bolsillos Tapered,$29.990
Lee,Jeans 5 Bolsillos Slim,$27.990
Wrangler,Jeans 5 Bolsillos Regular,$30.990
Lee,Jeans 5 Bolsillos Slim,$31.990
Lee,Jeans 5 Bolsillos Slim,$30.990
Levis,Jeans 505 Regular Fit,$49.990
Quiksilver,Jeans Slim,$36.990
Levis,Jeans 501 Original Fit,$49.990
Lee,Jeans 5 Bolsillos Slim,$29.990
Lee,Jeans 5 Bolsillos Regular,$30.990
Levis,Jeans Hombre Hombre 505 Regular Fit,$44.990
Levis,Jeans 510 Super Skinny Fit,$49.990
Levis,Jeans 511 Slim Skinny Fit,$49.990
Mossimo,Jeans Jogger,$14.990
Wrangler,Jeans Tapered,$31.990
Lee,Jeans 5 Bolsillos Regular,$30.990
Lee,Jeans 5 Bolsillos Super Skinny,$30.990
Lee,Jeans 5 Bolsillos Regular,$35.990
Levis,Jeans Hombre 505 Regular Fit,$44.990
Lee,Jeans 5 Bolsillos Tapered,$29.990
Lee,Jeans 5 Bolsillos Skinny,$31.990
Lee,Jeans 5 Bolsillos Slim,$30.990
Ellus,Jeans 5 Bolsillos Skinny,$23.990
Ellus,Jeans 5 Bolsillos Slim,$29.990
Ellus,Jeans 5 Bolsillos Slim,$23.990
Levis,Jeans 513 Slim Straigth Fit,$52.990
Levis,Jeans 511 Slim Skinny Fit,$49.990
Ellus,Jeans 5 Bolsillos,$27.990
Diesel,Jeans Skinny Low Waist,$118.990
Diesel,Jeans Stretch,$103.990
Lee,Jeans Moda Luke,$30.990
Lee,Jeans 5 Bolsillos Regular,$35.990
Levis,Jeans 510 Super Skinny Fit,$42.990
Ellus,Jeans 5 Bolsillos,$27.990
Ellus,Jeans 5 Bolsillos Skinny,$25.990
Ellus,Jeans 5 Bolsillos Skinny,$25.990
Ellus,Jeans 5 Bolsillos Skinny,$23.990
Ellus,Jeans 5 Bolsillos,$23.990
Ellus,Jeans Hombre 5 Bolsillos Slim,$28.990
Diesel,Jeans Stretchy Regular Waist,$82.990
Diesel,Jeans Stretchy Regular Waist ,$103.990
CAT,Jeans 5 Bolsillos Slim,$49.990
Diesel,Jeans Destroyer Skinny Low Waist,$111.990
Basement,Jeans 5 Bolsillos Skinny,$29.990
Ellus,Jeans 5 Bolsillos Slim,$25.990
Mango Man,Jeans Tim slim-fit lavado oscuro,$34.990
Ellus,Jeans 5 Bolsillos Skinny,$27.990
Diesel,Jeans Stretchy Regular Waist,$103.990
Christian Lacroix,Jeans 5 Bolsillos Regular,$23.990
CAT,Jeans 5 Bolsillos Skinny,$49.990
Americanino,Jeans 5 Bolsillos Skinny,$29.990
Mossimo,Jeans 5 Bolsillos Regular,$29.990
Ellus,Jeans 5 Bolsillos Rock,$25.990
Levis,Jeans 511 Slim Skinny Fit con Roturas,$49.990
Mango Man,Jeans Jan Slim Fit,$23.990
Ellus,Jeans Skinny,$23.990
Dockers,Jeans 5 Bolsillos Straigth,$30.990
Ellus,Jeans 5 Bolsillos Slim,$23.990
Ellus,Jeans 5 Bolsillos Rock,$27.990
Americanino,Jeans 5 Bolsillos Skinny,$34.990
Levis,Jeans 510 Super Skinny Fit,$49.990
Ellus,Jeans Slim,$29.990
Mango Man,Jeans Jan Slim Fit Lavado Claro,$23.990
Ellus,Jeans 5 Bolsillos,$27.990
Basement,Jeans Slim,$15.990
Ellus,Jeans Skinny,$23.990
Foot Joy,Athletic Fit Pants White,$46.990
Basement,Jeans 5 Bolsillos Skinny,$29.990
Americanino,Jeans 5 Bolsillos Super Skinny,$39.990
Mango Man,Jeans Jan Slim-Fit Lavado Oscuro,$34.990
Ellus,Jeans 5 Bolsillos Skinny,$23.990
Ellus,Jeans 5 Bolsillos Slim,$29.990
Americanino,Jeans 5 Bolsillos Slim,$34.990
Ellus,Jeans Slim,$23.990
Mango Man,Jeans Jan Slim-Fit Lavado Claro,$34.990
Levis,Jeans 511 Slim Skinny Fit con Roturas,$49.990
Levis,Jeans 514 Slim Straigth Fit,$49.990
Ellus,Jeans Regular,$23.990
Americanino,Jeans Jdsk Comfort2,$34.990
Levis,Jeans 505 Regular Fit,$49.990
Mossimo,Jeans 5 Bolsillos Súper Skinny,$24.990
Levis,Jeans Hombre 501 Original Fit,$44.990
Wados,Jeans 5 Bolsillos ,$14.990
Celio,Jeans Slim 5 Bolsillos Foslaw25,$29.900
Ellus,Jeans 5 Bolsillos Skinny,$29.990
Ecko,Jeans 5 Bolsillos Skinny,$29.990
Basement,Jeans 5 Bolsillos Skinny,$29.990
Polo Ralph Lauren,Jeans 5 Bolsillos Slim,$59.990
Ellus,Jeans 5 Bolsillos Slim,$25.990
Polo Ralph Lauren,Jeans 5 Bolsillos Slim,$67.990
Scalpers,Jeans 5 Bolsillos Slim,$98.000
Ellus,Jeans 5 Bolsillos Skinny,$25.990
Ellus,Jeans Skinny,$27.990
CAT,Jeans 5 Bolsillos Regular,$49.990
Diesel,Jeans Skinny Low Waist,$167.990
Basement,Jeans 5 Bolsillos Slim,$29.990
Ellus,Jeans 5 Bolsillos Rock,$25.990
Americanino,Jeans Jdjg Yack,$34.990
Mango Man,Jeans Steve Slim-Fit Lavado Oscuro,$34.990
Ellus,Jeans 5 Bolsillos Slim,$23.990
Americanino,Jeans 5 Bolsillos Slim,$34.990
Diesel,Jeans Skinny Low Waist,$118.990
Mango Man,Jeans 5 Bolsillos Slim,$27.990
Mango Man,Jeans Tim slim-fit grises,$34.990
Mango Man,Jeans 5 Bolsillos Slim,$27.990
Basement,Jeans Skinny ,$14.990
